{"train": {"epoch": [0, 1, 2, 3, 4, 5, 6, 7, 8, 9, 10, 11, 12, 13, 14, 15, 16, 17, 18, 19, 20, 21, 22, 23, 24, 25, 26, 27, 28, 29, 30, 31, 32, 33, 34, 35, 36, 37, 38, 39, 40, 41, 42, 43, 44, 45, 46, 47, 48, 49, 50, 51, 52, 53, 54, 55, 56, 57, 58, 59, 60, 61, 62, 63, 64, 65, 66, 67, 68, 69, 70, 71, 72, 73, 74, 75, 76, 77, 78, 79, 80, 81, 82, 83, 84, 85, 86, 87, 88, 89, 90, 91, 92, 93, 94, 95, 96, 97, 98, 99], "loss": [0.7588287530420513, 0.6633733167342868, 0.6475444911213531, 0.6346588674601287, 0.6217601047928223, 0.6176256496074786, 0.6105685031498879, 0.6086150637937187, 0.602144413889515, 0.5945985939791194, 0.5964309767259822, 0.5898937975384587, 0.5926562837222292, 0.5907587044179652, 0.5879648008592613, 0.5893114072360178, 0.5869840113081541, 0.583754161816899, 0.5841216745113563, 0.5813889502418423, 0.5786234625081574, 0.5765021186706434, 0.5758770040345786, 0.5740307833588421, 0.5735617750904314, 0.5727845664762518, 0.5725157142109718, 0.5724264968756679, 0.57186606017296, 0.5714661845957257, 0.5711447705789817, 0.570538141655328, 0.5698028238642683, 0.5696969565759774, 0.5688520808873228, 0.5685314992144439, 0.5682983987059882, 0.5677698329886508, 0.5672740506744045, 0.5669827880172119, 0.5665564204025947, 0.5660733163781013, 0.5657319541079294, 0.5650670581440909, 0.564810154913159, 0.564850773781644, 0.5644292969296412, 0.5643180669202499, 0.5640724701177183, 0.5634574434086945, 0.5637968494374557, 0.5633518309779862, 0.5633092755948945, 0.5630425764148346, 0.5629219557042648, 0.5628568694472738, 0.5626841446258843, 0.5624771892388096, 0.562311885513869, 0.5619397189905635, 0.5621949285799074, 0.5622384196074408, 0.5619112130161706, 0.5616760257087993, 0.5612599144414651, 0.5612105656136822, 0.5610720645702606, 0.5610343004672977, 0.5611423527642926, 0.5611042081249142, 0.561083928439965, 0.5610977303090893, 0.5611409743273386, 0.5609744728884238, 0.5610806438210172, 0.5611389931622773, 0.5609439380228307, 0.561046496616988, 0.5611508644560478, 0.5610948900735251, 0.5611704812779545, 0.5611401383774984, 0.5609403757438116, 0.5610603411214632, 0.5610946505943651, 0.5610426156334182, 0.5611068817432241, 0.5612267615319996, 0.5610221051660721, 0.5610906733100525, 0.5610284072436472, 0.5610613936419164, 0.561090302530981, 0.5610834087553398, 0.5610796033911858, 0.5610539700000736, 0.5611623522437764, 0.561084785071132, 0.5610925676135406, 0.561280792612198], "acc": [0.6840264809937664, 0.8687240441074575, 0.8880648159047463, 0.9055138652434976, 0.9167107725482818, 0.923311260671378, 0.9301199722120346, 0.9312680013663404, 0.9386764807209002, 0.9454245732772393, 0.9426307313382838, 0.950599877859774, 0.9473562444232112, 0.9486125775503518, 0.9519068757834384, 0.9507026125103554, 0.9529722330833245, 0.9560926439923324, 0.9567062383868941, 0.958964311779606, 0.9614553820620227, 0.9636680973806415, 0.9640808360008158, 0.9661187128664336, 0.9668159383047518, 0.9674217645808046, 0.9677287403799036, 0.9678506528779706, 0.9682936112651621, 0.9686773569982671, 0.969085500333657, 0.9695385219363556, 0.9703121537415582, 0.9705272828132656, 0.9712174443587713, 0.9715464976334487, 0.9717922634925706, 0.972336127664695, 0.9728124476836669, 0.9731174936498187, 0.9734845818998127, 0.9740061556317204, 0.9743888726013835, 0.9750635059702863, 0.9753648000255598, 0.9752348249917353, 0.9756522861663981, 0.975859706087893, 0.976053439425404, 0.9766822336407318, 0.9763658755190432, 0.9768410708980628, 0.97682427935753, 0.9771221456154385, 0.9772244870026341, 0.9772266705265249, 0.9774337166993219, 0.9776876384253179, 0.9777779719159272, 0.9782080107312185, 0.9779100244155557, 0.9778282468429239, 0.9782291281689953, 0.9785662651910476, 0.9789529669751477, 0.9789483564179987, 0.9790876017770733, 0.9791112026710103, 0.9790166938856403, 0.97907451717879, 0.979071662519326, 0.9790862904748883, 0.9790148781711945, 0.9791676773295284, 0.9790970570676267, 0.9789916450867026, 0.9792341948404006, 0.9791033038889386, 0.9789962323110722, 0.979083507510691, 0.9790054126990647, 0.9789876505149216, 0.979191167923055, 0.9790670324474892, 0.9790913698087808, 0.9791095002266011, 0.979072850369898, 0.9789705212854406, 0.9791589385674093, 0.9790543156586508, 0.9791571253983575, 0.979092522448068, 0.9791196864694888, 0.9790884659383645, 0.979094559611799, 0.9791305862711842, 0.979015415249346, 0.9791266608492759, 0.9790932330372495, 0.9788572245221121], "iou": [0.3922191489739774, 0.6152818804321765, 0.6521573202465777, 0.6932658366792673, 0.7200090751529165, 0.7350950334419983, 0.7552003847746662, 0.7590752994886921, 0.7790117643481896, 0.801403172924001, 0.7938094007587093, 0.8181282665805885, 0.8086277781007977, 0.8143465351379638, 0.8232413044603694, 0.8188217670467824, 0.8276225232993156, 0.8380184483273598, 0.8382633466313318, 0.8468279651899779, 0.8552434728663163, 0.8631708592282495, 0.865329522891401, 0.8717540935265212, 0.874237919617378, 0.8764006921829278, 0.8772603010367669, 0.8780860387557766, 0.8793576052180389, 0.8808581209691818, 0.8823947972250155, 0.8839205664672037, 0.8867097978490103, 0.8875116114090346, 0.8898858232854524, 0.8910826845525422, 0.8916828038429451, 0.8937956101105307, 0.8957959585342543, 0.8969072580761757, 0.8982209380835401, 0.9004107705214693, 0.9013758269917498, 0.9041412759081748, 0.9051064734357107, 0.9044574921241434, 0.906224309337521, 0.9070776893999228, 0.9077938048440791, 0.9098900367780937, 0.9089532721509289, 0.9105355994132914, 0.9106505676520676, 0.9117957654796885, 0.9117863137951101, 0.9118281613465306, 0.9128759388821829, 0.9138670109769204, 0.9139553049705207, 0.9155682111125824, 0.9144231229490233, 0.9139951719932284, 0.9156803420854209, 0.9170227265018586, 0.9185383464093735, 0.9182931015075738, 0.9188405201104188, 0.9188704777018455, 0.9187330416937316, 0.9188208187602168, 0.918851024951799, 0.9190662677177756, 0.9184232784759956, 0.9192462765025075, 0.9190150745398633, 0.9186728390934629, 0.9193389252411514, 0.9189373441438233, 0.9186145972951028, 0.9189390915568613, 0.9184853561832387, 0.9184296109922416, 0.9192505966726147, 0.9186747623508087, 0.9191104606377273, 0.9188325693598846, 0.919040302789084, 0.9184259536851768, 0.9191425635721335, 0.9187895606845299, 0.9192126425135603, 0.9187335225610971, 0.918910192849373, 0.9188143608833123, 0.9191498783983794, 0.9190564108913055, 0.9185776267187451, 0.9189743454770262, 0.9188367119887545, 0.9180374529438087]}, "val": {"epoch": [0, 1, 2, 3, 4, 5, 6, 7, 8, 9, 10, 11, 12, 13, 14, 15, 16, 17, 18, 19, 20, 21, 22, 23, 24, 25, 26, 27, 28, 29, 30, 31, 32, 33, 34, 35, 36, 37, 38, 39, 40, 41, 42, 43, 44, 45, 46, 47, 48, 49, 50, 51, 52, 53, 54, 55, 56, 57, 58, 59, 60, 61, 62, 63, 64, 65, 66, 67, 68, 69, 70, 71, 72, 73, 74, 75, 76, 77, 78, 79, 80, 81, 82, 83, 84, 85, 86, 87, 88, 89, 90, 91, 92, 93, 94, 95, 96, 97, 98, 99],