{"train": {"epoch": [0, 1, 2, 3, 4, 5, 6, 7, 8, 9, 10, 11, 12, 13, 14, 15, 16, 17, 18, 19, 20, 21, 22, 23, 24, 25, 26, 27, 28, 29, 30, 31, 32, 33, 34, 35, 36, 37, 38, 39, 40, 41, 42, 43, 44, 45, 46, 47, 48, 49, 50, 51, 52, 53, 54, 55, 56, 57, 58, 59, 60, 61, 62, 63, 64, 65, 66, 67, 68, 69, 70, 71, 72, 73, 74, 75, 76, 77, 78, 79, 80, 81, 82, 83, 84, 85, 86, 87, 88, 89, 90, 91, 92, 93, 94, 95, 96, 97, 98, 99], "loss": [0.6866816324695574, 0.6223511519805393, 0.6544084606221562, 0.6448220881066713, 0.7032699902074617, 0.6283693117391173, 0.6182980659381351, 0.6197509148366935, 0.6011101201547847, 0.5914126302635967, 0.5874272181894431, 0.5869884621418243, 0.583781010845802, 0.5827441628081095, 0.5805627179739739, 0.5801620786724566, 0.5789902113722737, 0.577820881299701, 0.5769882104574998, 0.5767529614243219, 0.5765972237145773, 0.5757633718095216, 0.5757307911894923, 0.5755731916300343, 0.575447371845992, 0.5759098582844717, 0.5755340687108634, 0.5758165969543185, 0.5756121565226558, 0.5757524159030982, 0.57538920110655, 0.5752144924686473, 0.5751912434754423, 0.5752459177979371, 0.5750530919994747, 0.5751742610303533, 0.5751439002060805, 0.5749237733591493, 0.5750446837143541, 0.5751036278293651, 0.5749427243483872, 0.5757504009055073, 0.5754914633744128, 0.5752964717637602, 0.575280032972424, 0.5754386713708423, 0.5755079526493982, 0.5749578433528914, 0.5751657191120433, 0.5753020508433576, 0.5753870983989213, 0.5751318078872572, 0.5752306432062196, 0.5752248090569235, 0.5752294308562296, 0.5753448412511697, 0.5755255499132164, 0.5752798803548371, 0.5754865922325446, 0.5749819244778454, 0.5752843543091702, 0.5752238414889977, 0.5750949997918886, 0.575418270567558, 0.5750112435995897, 0.5749568609368334, 0.5751593085370454, 0.575028594278356, 0.5752134089792327, 0.575169573050801, 0.5752574911745417, 0.5753013369663754, 0.5758975256380238, 0.5753872298048909, 0.5751137027112615, 0.5752637642982592, 0.5759373913880345, 0.575276550130912, 0.5751284729967762, 0.5752998175782241, 0.5751042187850246, 0.5749553874718337, 0.5750188273891436, 0.5754708213950391, 0.5754991565098542, 0.5752570583514895, 0.5751397491986217, 0.5751782930406387, 0.5753083480422607, 0.575825178538353, 0.5754004516423384, 0.575052750174261, 0.5754135769669272, 0.5755034763617872, 0.5754629594151236, 0.575270793085845, 0.575404531272705, 0.5750721806521093, 0.5751780979998171, 0.5750071131673996], "acc": [0.8307253512623471, 0.915225104505057, 0.8799431671875652, 0.8975421065113298, 0.823965870612881, 0.9199644708972808, 0.9284662975535274, 0.9277727612397001, 0.9424189664290893, 0.9496203639753349, 0.953539970930785, 0.9536866170231558, 0.9567583510884187, 0.9577408621743905, 0.9600373167160143, 0.9603381856904759, 0.9613951058574418, 0.9625560329477982, 0.9633481141935464, 0.963670456536724, 0.9636729060542966, 0.9644989538871521, 0.9646121271988676, 0.9647460327453885, 0.9648989833546703, 0.9643772853226849, 0.9646782264166456, 0.9646357590617658, 0.9648636545574962, 0.964574534697889, 0.9647941962679935, 0.9650726381994227, 0.9649561838747344, 0.965044103059056, 0.9651697403171309, 0.9651340759521702, 0.965167422311586, 0.9653952978683961, 0.9651602684815159, 0.9652695184924849, 0.9652646550928571, 0.9644755956541177, 0.9647951792143418, 0.9649321184463773, 0.9650191976506515, 0.9650483670183773, 0.9647955809623745, 0.965287394370897, 0.9650825898418223, 0.965036636569746, 0.9649739299380482, 0.9651383755470085, 0.9650701827425974, 0.9649703481443412, 0.965022079885218, 0.9649613467823992, 0.9647531717273264, 0.9652900801858868, 0.9649442722788909, 0.9652317702982349, 0.964919956553449, 0.9650508267175261, 0.9651275822276323, 0.9648649463449933, 0.9652202439053628, 0.9652893382035116, 0.9651245141792976, 0.9652283344404553, 0.9650122326039758, 0.9651140046713615, 0.9649634021881213, 0.9650326708457648, 0.9647094342207994, 0.964962074765107, 0.9651268262455897, 0.9649435213876365, 0.964278976263949, 0.9650058063323812, 0.9652037378731996, 0.9650346469200378, 0.9652161033976545, 0.9653108323596126, 0.9652929696324033, 0.9648667819983594, 0.9648117123973752, 0.9650596439626293, 0.9651955612189405, 0.9650644882718015, 0.9649686109128796, 0.9644143657752203, 0.9649316988805859, 0.9651386932970366, 0.9648543795656903, 0.9646400425357751, 0.9648252916505753, 0.9650700529274991, 0.9648728981561083, 0.9651707219907821, 0.9650752103201435, 0.965216182304871], "iou": [0.5680843799563914, 0.7147770778564372, 0.6322922318431407, 0.6756942220814394, 0.5621223789092908, 0.7294651999592356, 0.7522071742078164, 0.7451573979387928, 0.7909926678786499, 0.8148278093422859, 0.8279037963453136, 0.828387810666366, 0.8388226641030498, 0.8419468948001115, 0.8501179899185154, 0.8511606043343867, 0.8546907816917446, 0.85907571192738, 0.8619559487838337, 0.8633276896544623, 0.8632525311670269, 0.8660720527384205, 0.8666020952085584, 0.8669044774198023, 0.8675594155898722, 0.8658337870950801, 0.8667729689981589, 0.8665767827492168, 0.867398151087167, 0.8663526436188043, 0.866805840217346, 0.8683815320615667, 0.8678557098548183, 0.8682688245569684, 0.8684465452445359, 0.8684653998269729, 0.8683133504993127, 0.8693851166772673, 0.8683840356687634, 0.8689492771209771, 0.8689297864021356, 0.8661726744997968, 0.8669199909603893, 0.8677970637630313, 0.8679127296519025, 0.8683226184912848, 0.867053031072922, 0.869043100346874, 0.8681558200897271, 0.8682494534716487, 0.8675498440596556, 0.8684671357857375, 0.86825024445286, 0.8675798947700827, 0.8681168123496384, 0.8676470036608469, 0.8670025433934032, 0.8690590056660337, 0.8679075126546133, 0.8686793690474433, 0.8679011247760461, 0.868096556739875, 0.8684790172610843, 0.8675381628219767, 0.8687442473245262, 0.8690671946230308, 0.8682264872293031, 0.8691783127411404, 0.8681260998562986, 0.8682858901515974, 0.8678080530777521, 0.8680884040547435, 0.866937414182887, 0.8676242807157524, 0.8681216121144142, 0.8677182500896929, 0.8654055196619543, 0.8679196985166692, 0.8687573469830577, 0.8679681348206734, 0.8685343131900258, 0.8693093184474524, 0.8690756241197688, 0.8672412387841113, 0.8673080748934763, 0.8682925629021858, 0.8685185858363359, 0.8681574773533913, 0.8677836792324786, 0.8661465167575035, 0.8676405080272633, 0.8681310879802364, 0.8673311743447789, 0.8666041156151116, 0.8674075872872647, 0.8683445273345052, 0.8673254450869305, 0.8684328612059461, 0.8683280363625903, 0.8687371458871509]}, "val": {"epoch": [0, 1, 2, 3, 4, 5, 6, 7, 8, 9, 10, 11, 12, 13, 14, 15, 16, 17, 18, 19, 20, 21, 22, 23, 24, 25, 26, 27, 28, 29, 30, 31, 32, 33, 34, 35, 36, 37, 38, 39, 40, 41, 42, 43, 44, 45, 46, 47, 48, 49, 50, 51, 52, 53, 54, 55, 56, 57, 58, 59, 60, 61, 62, 63, 64, 65, 66, 67, 68, 69, 70, 71, 72, 73, 74, 75, 76, 77, 78, 79, 80, 81, 82, 83, 84, 85, 86, 87, 88, 89, 90, 91, 92, 93, 94, 95, 96, 97, 98, 99],