{"train": {"epoch": [0, 1, 2, 3, 4, 5, 6, 7, 8, 9, 10, 11, 12, 13, 14, 15, 16, 17, 18, 19, 20, 21, 22, 23, 24, 25, 26, 27, 28, 29, 30, 31, 32, 33, 34, 35, 36, 37, 38, 39, 40, 41, 42, 43, 44, 45, 46, 47, 48, 49, 50, 51, 52, 53, 54, 55, 56, 57, 58, 59, 60, 61, 62, 63, 64, 65, 66, 67, 68, 69, 70, 71, 72, 73, 74, 75, 76, 77, 78, 79, 80, 81, 82, 83, 84, 85, 86, 87, 88, 89, 90, 91, 92, 93, 94, 95, 96, 97, 98, 99], "loss": [0.4504242478422423, 0.3412086486392174, 0.25550135877314833, 0.26241850518883336, 0.24208576433705264, 0.23896705412249547, 0.198307256270664, 0.1949812018998577, 0.17191440776467748, 0.15770196868272437, 0.152645812379826, 0.14238596063279596, 0.14055117052645022, 0.1333591192297876, 0.12810325694147803, 0.12415572689362268, 0.11602100987133182, 0.11654886602029682, 0.10821234627073345, 0.10297607357391683, 0.10265826073962386, 0.09407555274797928, 0.09128116946203428, 0.08288514614105225, 0.08489435830309297, 0.11564982598282901, 0.23003537952899933, 0.13881903547409166, 0.11344864837215464, 0.1013542866049288, 0.09385000231586317, 0.09227197351484324, 0.0920137300146114, 0.0900141816334368, 0.08798842537100841, 0.08674765641393399, 0.08616515673246247, 0.0847404097601294, 0.08399122645846466, 0.08313069736512106, 0.08200386252081904, 0.08255676324628426, 0.08160075756101422, 0.0808805419642518, 0.08022097612190926, 0.07928141722873225, 0.07832492157498713, 0.0773522060072825, 0.07738574993965677, 0.07665102694886222, 0.07729470302281219, 0.0794004579654686, 0.08080374717951033, 0.07916030415012319, 0.07632107591236613, 0.07516355527518483, 0.07414775954897505, 0.07699687651680033, 0.07420662410716357, 0.07391555245395658, 0.07530190236203611, 0.07434934675958657, 0.07293154825572441, 0.07313456124496842, 0.07231136861512458, 0.07412941909637104, 0.0751378755366887, 0.07354963063742978, 0.07329291780727826, 0.07402502984020634, 0.07471399901441408, 0.07283274564242448, 0.0732711163279849, 0.07226750169784574, 0.07343597680303762, 0.0726342424286324, 0.07355263749687697, 0.07404189664220895, 0.07331240883766545, 0.07319368637461891, 0.07306019981719845, 0.07329529344213603, 0.07407078815100455, 0.07348828657374476, 0.07295806721860404, 0.07254402892286244, 0.07234799733975392, 0.0728524368640791, 0.07251786923175181, 0.07330763894812704, 0.07329044472492463, 0.07306590486065985, 0.07306673318094631, 0.07281426881237811, 0.07267237233256531, 0.07270633159503606, 0.0732455763143895, 0.07336423730351747, 0.07399816388840989, 0.07383745519636577], "acc": [0.7941248870829246, 0.8664156147593706, 0.910558236875568, 0.9122651505724815, 0.9199091654231115, 0.9234369535038904, 0.9314309952522087, 0.9340687778072425, 0.9419764110626275, 0.9472807934275725, 0.9490500578252447, 0.9524691766691378, 0.9530058657995747, 0.9556028842926025, 0.9574152642721807, 0.9590939847599993, 0.9615525465418859, 0.9612624047065544, 0.9646769749312214, 0.9657263857614103, 0.9660863570895484, 0.9689410852792, 0.9696531240626162, 0.9720967834106119, 0.9716098915215489, 0.9613507069726855, 0.9157404297187235, 0.9528795260127328, 0.9619710093291205, 0.966452151006651, 0.9689884444572747, 0.9694333191019785, 0.9698444952744182, 0.9700545530726477, 0.9705310512692055, 0.9711894675081735, 0.9712972929469207, 0.97176716717961, 0.9719979143651779, 0.972277108884791, 0.9727302649691436, 0.9725843027393165, 0.9728810027825027, 0.9731481295887686, 0.9733334190056417, 0.9736202004965514, 0.9740187723017248, 0.9743452759399958, 0.9742784920112094, 0.9745549353840512, 0.9743700583210195, 0.9737736911536111, 0.9738145583040774, 0.9739260312925454, 0.9746846520603764, 0.9749916558588103, 0.9754204198558983, 0.9748931800767621, 0.9754369407361937, 0.9754515398439564, 0.9752032039852753, 0.9753298780672066, 0.9757293119125094, 0.9757133416858008, 0.9759565150610493, 0.9754348700581073, 0.9751668366673154, 0.9754824562004877, 0.9756263672669163, 0.9755743080186674, 0.9754853354654278, 0.9757843624230381, 0.9756613825563858, 0.9758782895858602, 0.9756614970991195, 0.9757783977162371, 0.9756226955359517, 0.975379936211474, 0.9756095829383334, 0.975616026179222, 0.9756630726980569, 0.9755960724107735, 0.9752840741249166, 0.9755609981530078, 0.9756838269929444, 0.9758485165355044, 0.975860328012514, 0.9758193323196466, 0.9759156720918268, 0.9755937310724496, 0.9756613503147274, 0.9756893127414256, 0.9757747306518283, 0.9757112790681289, 0.975817175946626, 0.9758076875659495, 0.9756393449586481, 0.9755011317568741, 0.9753581192145568, 0.9753817014422705], "iou": [0.2755020900341115, 0.5872506609590876, 0.6971593575545477, 0.7021068196703955, 0.7247250570097004, 0.7294765055391712, 0.7569666515465733, 0.7606959650524995, 0.7828301498898408, 0.8016506864082771, 0.8079052410516027, 0.8206354216324477, 0.822931955081288, 0.8321864225262, 0.8389676911126677, 0.8457715532533638, 0.8544513235312764, 0.8532346325836996, 0.8659868900037745, 0.8694278508742933, 0.8712556281547954, 0.8813230857730336, 0.8837230141901037, 0.8926419467264223, 0.8910699628850319, 0.8613137527504849, 0.7125169628455545, 0.8224486661975494, 0.8552362303716856, 0.8720601417415931, 0.8813046912705771, 0.8829375238181009, 0.884830142891704, 0.8850977291416019, 0.8868503006327619, 0.889422862979441, 0.8896369132282895, 0.8912948429372387, 0.8923132241408596, 0.8935339130540759, 0.8949979202178874, 0.8944785128284604, 0.8957677303259908, 0.8968260894890782, 0.8975776501821877, 0.89815067417681, 0.8999483574751858, 0.9010871385764397, 0.9011561923603995, 0.9017510804417295, 0.901741379520647, 0.8992725018928908, 0.8997516615641075, 0.8996422664126468, 0.9025113482916483, 0.9033874317844567, 0.9052990783151783, 0.903428517626698, 0.9052215644897516, 0.9052780393603858, 0.904003093463246, 0.9046965065375766, 0.9063638457199857, 0.906067058284936, 0.9071005343118173, 0.905214484688226, 0.9043423565257063, 0.9053362472201582, 0.9057453785926846, 0.9054891918901871, 0.9053745125536392, 0.9065249742562236, 0.9061269236204887, 0.9066579819149818, 0.9062485156110173, 0.906300841065064, 0.9057543424100638, 0.9048429403016576, 0.9057218708177478, 0.9057949859900831, 0.9057049918853516, 0.9057178066718621, 0.9045099113335389, 0.9055751591814795, 0.9061152478978303, 0.9066755983753136, 0.9064971666743322, 0.9065693725046314, 0.9070310664770866, 0.9057595280141593, 0.9056051029853549, 0.9059532282615471, 0.9064887426926148, 0.9059838453221576, 0.9064564193695042, 0.906638770765257, 0.9059657482065764, 0.9054969487665386, 0.9050616435308898, 0.90491345408124]}, "val": {"epoch": [0, 1, 2, 3, 4, 5, 6, 7, 8, 9, 10, 11, 12, 13, 14, 15, 16, 17, 18, 19, 20, 21, 22, 23, 24, 25, 26, 27, 28, 29, 30, 31, 32, 33, 34, 35, 36, 37, 38, 39, 40, 41, 42, 43, 44, 45, 46, 47, 48, 49, 50, 51, 52, 53, 54, 55, 56, 57, 58, 59, 60, 61, 62, 63, 64, 65, 66, 67, 68, 69, 70, 71, 72, 73, 74, 75, 76, 77, 78, 79, 80, 81, 82, 83, 84, 85, 86, 87, 88, 89, 90, 91, 92, 93, 94, 95, 96, 97, 98, 99],