{"train": {"epoch": [0, 1, 2, 3, 4, 5, 6, 7, 8, 9, 10, 11, 12, 13, 14, 15, 16, 17, 18, 19, 20, 21, 22, 23, 24, 25, 26, 27, 28, 29, 30, 31, 32, 33, 34, 35, 36, 37, 38, 39, 40, 41, 42, 43, 44, 45, 46, 47, 48, 49, 50, 51, 52, 53, 54, 55, 56, 57, 58, 59, 60, 61, 62, 63, 64, 65, 66, 67, 68, 69, 70, 71, 72, 73, 74, 75, 76, 77, 78, 79, 80, 81, 82, 83, 84, 85, 86, 87, 88, 89, 90, 91, 92, 93, 94, 95, 96, 97, 98, 99], "loss": [0.4940874503918814, 0.3154435945787464, 0.24995449015678461, 0.2242871608015057, 0.2844813859282439, 0.23838272733196245, 0.18276484899249365, 0.16037673614521467, 0.15317485041359566, 0.13983237707583082, 0.12599406704253574, 0.12059027403327918, 0.11565750680890372, 0.10813902751990061, 0.10690232423329693, 0.10372995359829737, 0.09982281978974562, 0.09852087548088773, 0.09526761835341564, 0.09359587670645256, 0.09632176592999081, 0.08955342745494588, 0.08783947191867328, 0.08606869944129338, 0.08371496860773114, 0.0818031503291953, 0.08181007734741817, 0.08027579506786268, 0.08044008305462018, 0.080959324343826, 0.08004204465533703, 0.0796986319906877, 0.08041665144264698, 0.080505274706835, 0.08023208836458119, 0.0795796589786684, 0.07926961617192976, 0.07830784764816964, 0.07931213257204596, 0.07819840777333945, 0.07756900351189634, 0.07669999522697246, 0.07702445097638831, 0.07665640414026284, 0.07613752613314742, 0.07600329367583121, 0.07607545206502239, 0.07602422270141675, 0.07569264731240655, 0.07637274529108798, 0.07554404178362512, 0.0761232210979449, 0.07584479070033255, 0.07613103247489582, 0.0756068162129549, 0.07625720325154767, 0.07588533693891403, 0.07596824215426776, 0.07559948846087973, 0.07590128259328972, 0.07581085919193738, 0.0757277081405671, 0.07590418935378887, 0.07641096110869981, 0.07581794632472814, 0.07600207118403657, 0.0756765511616057, 0.07610423896077265, 0.07581117186443449, 0.07523363112766972, 0.07630785434669235, 0.07661733010724134, 0.07637216824229502, 0.07637931420418079, 0.07554921406417342, 0.07589255344268478, 0.07562852976346568, 0.07605132246489414, 0.07599432854598315, 0.07588334300711061, 0.07586819722956822, 0.07569160501993, 0.07532857804562486, 0.07649714223960964, 0.0758934178558639, 0.07593935058581447, 0.07620454035381194, 0.07531984115277958, 0.07575026623825161, 0.07576360727836016, 0.07584342036356494, 0.07598957274891303, 0.0751388682735242, 0.07605442634097621, 0.07578828731995885, 0.0757824296920537, 0.07590787095478421, 0.07584363506490438, 0.07560411303095334, 0.07569940904572978], "acc": [0.7566865686844252, 0.887104103997933, 0.9125693026810778, 0.9195672222727983, 0.895875791637923, 0.9175596249909588, 0.9380748288911432, 0.9471890637883088, 0.9483590516331357, 0.953656319621619, 0.9592241294867627, 0.9613294011757467, 0.9630626410351953, 0.965914031788972, 0.9661511840345173, 0.9673312936389149, 0.9685886347421123, 0.9687773163208334, 0.9699453361518018, 0.9706450942572326, 0.9694101203803066, 0.9719383686886988, 0.9723254272522027, 0.9728544356559944, 0.9738998790652726, 0.9744034403159525, 0.9744140490942579, 0.9750049852391579, 0.975000363651968, 0.9746200482616221, 0.9750407280871028, 0.9751971561289343, 0.9747428223755861, 0.9749085525600936, 0.9749837239866155, 0.9751785862064022, 0.9753844937395795, 0.9755696130392815, 0.9751900587217663, 0.9756519527197732, 0.9757944952126499, 0.9760979698221879, 0.9760135412216187, 0.9761108872729264, 0.9763234739201773, 0.9764198870845536, 0.9763284247116686, 0.976385584081195, 0.9764461220371341, 0.9761925388485512, 0.9765096011959361, 0.9763189066347279, 0.9764230204646698, 0.9764299613301016, 0.9765385334177797, 0.9762971570907538, 0.9764927723229567, 0.9763139664490452, 0.9765524223605934, 0.9763517494303476, 0.9763678049277581, 0.976430251505027, 0.9764413634228961, 0.976142732698298, 0.9764755943067558, 0.9763119683146901, 0.9764988549663502, 0.9763231884118077, 0.9764554657545802, 0.9766377006985539, 0.9761889769937644, 0.9761479936036351, 0.9762136456805192, 0.9761402950592313, 0.9764292121357765, 0.9764074579252467, 0.9764887204798091, 0.9762659238326592, 0.9763981341467209, 0.9764048718048585, 0.9764847352411399, 0.9764194441859833, 0.9765730557492619, 0.9760399793814934, 0.976357769711586, 0.9763944908393235, 0.9762940440737904, 0.9766087739917307, 0.9764366268687401, 0.9763806638344327, 0.9763647593637378, 0.9764326641143853, 0.97662638005837, 0.9762476589331848, 0.9763775219696696, 0.9764365785062525, 0.9763033283987079, 0.9763713642371507, 0.9764904717109382, 0.976429173530633], "iou": [0.11058735020220067, 0.6390244619277873, 0.7038866561502749, 0.7217780612541688, 0.6595410636735557, 0.7181653841216369, 0.7756085974890142, 0.8062671314779125, 0.8107313774658692, 0.827511302516978, 0.8474131782283987, 0.8545695589954743, 0.8606695708855191, 0.8706470254901465, 0.8716727896093049, 0.8761772294909929, 0.8803583273259771, 0.8810332803539535, 0.8852696113314917, 0.8881557575324251, 0.8835162804644303, 0.8928647085865197, 0.8938488949660305, 0.8960527599494228, 0.8999489460975674, 0.9015168689748146, 0.9017168955870795, 0.9039205620297334, 0.9039048877050868, 0.902256917911068, 0.9038862904195684, 0.9045584999369557, 0.9024547711810184, 0.9037890065182995, 0.9037569901272919, 0.9045300265223954, 0.9052752453661475, 0.9057661386147089, 0.9044665079099852, 0.9063207502891161, 0.9066803695044059, 0.9078245402655143, 0.9076887697935953, 0.9078905179407248, 0.9086753021779858, 0.9090965926859302, 0.9088672825874383, 0.9090928038668378, 0.9092055586733427, 0.9080150350132871, 0.909316833969537, 0.908531778223574, 0.909202105634153, 0.9093371996675946, 0.9095845095203441, 0.9085989337798963, 0.9092781365554103, 0.9085183544515291, 0.909628211391354, 0.9088047129827886, 0.9087213551446637, 0.9089963578244545, 0.9092009118443282, 0.9079864714493531, 0.9094471036327267, 0.9087954891109806, 0.909410103572221, 0.9087853147465987, 0.909447117420278, 0.9099374971355831, 0.9079944786227895, 0.9081306281463107, 0.9084140900191039, 0.9078898001395935, 0.9090716749747877, 0.9090319988566361, 0.9093226896486248, 0.9084926351533665, 0.9090769708792934, 0.9093494245590265, 0.9094484972359871, 0.9091243487235914, 0.9095989455107693, 0.9076836957626071, 0.9087459283791403, 0.9088588717569236, 0.9087795135813675, 0.9097398390125125, 0.909277823259822, 0.9088143835712582, 0.9089976394303753, 0.909323458569754, 0.9097557277866105, 0.908326654459658, 0.9088418498582262, 0.908988929728172, 0.9084603633744861, 0.9089004414361567, 0.9092723309357396, 0.9089702041123685]}, "val": {"epoch": [0, 1, 2, 3, 4, 5, 6, 7, 8, 9, 10, 11, 12, 13, 14, 15, 16, 17, 18, 19, 20, 21, 22, 23, 24, 25, 26, 27, 28, 29, 30, 31, 32, 33, 34, 35, 36, 37, 38, 39, 40, 41, 42, 43, 44, 45, 46, 47, 48, 49, 50, 51, 52, 53, 54, 55, 56, 57, 58, 59, 60, 61, 62, 63, 64, 65, 66, 67, 68, 69, 70, 71, 72, 73, 74, 75, 76, 77, 78, 79, 80, 81, 82, 83, 84, 85, 86, 87, 88, 89, 90, 91, 92, 93, 94, 95, 96, 97, 98, 99],