{"train": {"epoch": [0, 1, 2, 3, 4, 5, 6, 7, 8, 9, 10, 11, 12, 13, 14, 15, 16, 17, 18, 19, 20, 21, 22, 23, 24, 25, 26, 27, 28, 29, 30, 31, 32, 33, 34, 35, 36, 37, 38, 39, 40, 41, 42, 43, 44, 45, 46, 47, 48, 49, 50, 51, 52, 53, 54, 55, 56, 57, 58, 59, 60, 61, 62, 63, 64, 65, 66, 67, 68, 69, 70, 71, 72, 73, 74, 75, 76, 77, 78, 79, 80, 81, 82, 83, 84, 85, 86, 87, 88, 89, 90, 91, 92, 93, 94, 95, 96, 97, 98, 99], "loss": [0.4615318873545877, 0.2542245384053828, 0.23305401614340174, 0.21887612432983847, 0.17167365273918123, 0.1642750373832696, 0.14482019946403352, 0.13601490294434845, 0.13034241731374713, 0.12292072190190549, 0.12990791648891473, 0.11498912720811749, 0.11421270054695445, 0.09884476386593967, 0.08918506726357436, 0.08039676977381163, 0.10080788709435387, 0.08797567604885195, 0.0868800169062466, 0.07580564792178492, 0.07229812597703467, 0.07012845195326092, 0.0689580193405898, 0.06657603324732322, 0.06543231348497164, 0.06506996909388443, 0.06258050244951163, 0.061395582404928914, 0.06073900899481943, 0.06028031488197766, 0.05956196287825863, 0.05877957527535666, 0.05918665306172019, 0.05800369500888518, 0.056191452364586426, 0.05586868087393215, 0.05544738911980518, 0.054724627668270014, 0.054776379765670916, 0.05472057196063079, 0.05415257344559312, 0.05437814895381813, 0.05403712314629788, 0.05401278537403116, 0.054096702466390735, 0.05429015300001326, 0.05384506218904278, 0.053665153738575264, 0.05427755375667823, 0.0536876607726053, 0.05401480746757093, 0.05385016366587521, 0.053991811764277385, 0.05404574953324536, 0.05399914594612406, 0.053868714570866574, 0.05401718037474728, 0.053895718428004676, 0.05382603205395763, 0.05416676271176529, 0.05475869134492722, 0.054327871295825655, 0.05414885509878503, 0.05389709742507794, 0.053908909200375825, 0.05375734557235262, 0.05390209346028622, 0.05399698684542205, 0.05456968506937349, 0.054061794567362695, 0.0539810368459791, 0.05367632031281648, 0.05407485286986913, 0.05403991844637644, 0.054062075299804106, 0.05381133261193054, 0.054174446033519355, 0.05401522691404692, 0.0541152845491453, 0.05407958307379718, 0.05461374108159245, 0.055466983215452514, 0.05381145907625609, 0.05400290987802358, 0.05401359435528835, 0.054332393400530164, 0.05408207184280471, 0.054382526464892875, 0.05428870931413568, 0.05435954035654187, 0.05388055060032318, 0.0541426700099083, 0.05369276500031935, 0.05399844432216522, 0.0538491724735106, 0.05393762136163236, 0.054068413234955474, 0.05382311357403989, 0.05394025503581529, 0.05368666146679705], "acc": [0.8084661498188548, 0.9102017357680297, 0.9145764439131442, 0.9237750119586008, 0.9410662332887751, 0.9447891788550543, 0.9513982428350483, 0.95478075551817, 0.9571645268341825, 0.9592718361111298, 0.9573219085503303, 0.9623570925824583, 0.9617427180246102, 0.9673174441497097, 0.970654160950956, 0.9733087609246956, 0.9663646586000707, 0.9709838255444455, 0.9714980375724331, 0.9749355494339695, 0.9759376978110589, 0.9767675476142096, 0.9771123980287979, 0.9777794681834157, 0.9780087963117824, 0.9781298768902165, 0.9788302891619265, 0.9790640925173233, 0.9793790833381572, 0.9795121887824714, 0.9796866437294305, 0.9797761940871269, 0.9796229397274846, 0.9801460037876278, 0.980546706511881, 0.9806780051506286, 0.9807587060215635, 0.9809337990139727, 0.9808975016943501, 0.9809903237319078, 0.9810647103285874, 0.9810140196538905, 0.9811116041237773, 0.9810562829530112, 0.981019384920385, 0.9810096988474347, 0.9810483812013131, 0.9811826876474021, 0.9810713601706291, 0.9812424339857814, 0.9811039488510729, 0.9811490566280813, 0.9811231771822078, 0.9811653267870594, 0.9811165765511184, 0.9811130431198989, 0.9810918433810468, 0.981156334758229, 0.981126634675837, 0.9810310033716765, 0.9808714720702256, 0.9810042987938877, 0.9811459597319471, 0.9811592250532103, 0.9811678407879486, 0.9811726778851709, 0.9810986374620865, 0.9810779378931718, 0.9809921369009595, 0.9810583659338357, 0.9810855201979125, 0.9811850476519492, 0.9811876571051167, 0.9810782670974731, 0.9810898766398854, 0.9811889607711195, 0.9810956983803855, 0.9811070873219772, 0.9811347587252851, 0.9811317521906409, 0.9809750653670776, 0.9809063609384557, 0.9811638933059583, 0.9810610772027664, 0.9811517738362648, 0.9810176549008732, 0.9811429587123233, 0.9810300815147861, 0.9810366320864585, 0.9810058268788022, 0.981143133071818, 0.9810649084450935, 0.9812125429988332, 0.9811748732875675, 0.9811542029906847, 0.9810965493904739, 0.9810859834596356, 0.9811316367994424, 0.9811138075865885, 0.9811770542660642], "iou": [0.38045925814061826, 0.6905980091078001, 0.7036703608638452, 0.7295463259109823, 0.7832940685367245, 0.7939825732512831, 0.8187236353171677, 0.8305400368157655, 0.8387191204413824, 0.8460950397511818, 0.840559200459952, 0.8585563834451696, 0.8561667337536387, 0.8757398650315309, 0.888081268907866, 0.8972646067999436, 0.872007204756618, 0.8890744604674098, 0.8905200256147419, 0.9031016417245423, 0.9073477440457327, 0.910343997843325, 0.9115590361937933, 0.9139842855548519, 0.9149362852140678, 0.9154665400124954, 0.9175966307786012, 0.918772513544008, 0.9198659138747382, 0.920520123637868, 0.9209894277022826, 0.9213541349482282, 0.9207776706413866, 0.9230216811560227, 0.9244435414724927, 0.9250969121040399, 0.9251587556350274, 0.9257008202135351, 0.9257699518441306, 0.9262854779318134, 0.9262783215563493, 0.9262153340828376, 0.9266211032018967, 0.926121352406159, 0.9258962343596054, 0.9262257356236414, 0.9260706736099678, 0.9266000725196349, 0.9264544307973461, 0.9268257613708116, 0.9263090849771194, 0.9265053634965972, 0.9265882226495981, 0.9267228351793255, 0.9264136385238891, 0.9261562291837672, 0.9263394398621393, 0.9264009474011078, 0.926432859430958, 0.9259002418704728, 0.9252505915444941, 0.9260380225673689, 0.926620953235762, 0.926841522238857, 0.9265830289850879, 0.9267134278270274, 0.926542488281413, 0.926297708550382, 0.9260443495685944, 0.9261613498803135, 0.9261986751149134, 0.926728419137595, 0.9268638548901921, 0.926325751581226, 0.9265879776554176, 0.9265907037724804, 0.9261883919349344, 0.9261872431137383, 0.9266088199785172, 0.9266130693018224, 0.9259632802518661, 0.9257998561943978, 0.9265711029653447, 0.9262574631124204, 0.9268464986964052, 0.926095765680605, 0.9266330637965763, 0.9263191594347835, 0.9258810850224886, 0.9260754131337502, 0.9264669672874369, 0.9265149316329548, 0.9267887017056611, 0.9269070557428001, 0.9266090762148548, 0.9264063813932426, 0.9263318779205513, 0.9264312365301139, 0.9264747258607179, 0.9267168535032306]}, "val": {"epoch": [0, 1, 2, 3, 4, 5, 6, 7, 8, 9, 10, 11, 12, 13, 14, 15, 16, 17, 18, 19, 20, 21, 22, 23, 24, 25, 26, 27, 28, 29, 30, 31, 32, 33, 34, 35, 36, 37, 38, 39, 40, 41, 42, 43, 44, 45, 46, 47, 48, 49, 50, 51, 52, 53, 54, 55, 56, 57, 58, 59, 60, 61, 62, 63, 64, 65, 66, 67, 68, 69, 70, 71, 72, 73, 74, 75, 76, 77, 78, 79, 80, 81, 82, 83, 84, 85, 86, 87, 88, 89, 90, 91, 92, 93, 94, 95, 96, 97, 98, 99],