{"train": {"epoch": [0, 1, 2, 3, 4, 5, 6, 7, 8, 9, 10, 11, 12, 13, 14, 15, 16, 17, 18, 19, 20, 21, 22, 23, 24, 25, 26, 27, 28, 29, 30, 31, 32, 33, 34, 35, 36, 37, 38, 39, 40, 41, 42, 43, 44, 45, 46, 47, 48, 49, 50, 51, 52, 53, 54, 55, 56, 57, 58, 59, 60, 61, 62, 63, 64, 65, 66, 67, 68, 69, 70, 71, 72, 73, 74, 75, 76, 77, 78, 79, 80, 81, 82, 83, 84, 85, 86, 87, 88, 89, 90, 91, 92, 93, 94, 95, 96, 97, 98, 99], "loss": [0.7874112057091927, 0.654623458181836, 0.6371425099644372, 0.6220084947411276, 0.6201008019498234, 0.6066142541233756, 0.605524078382716, 0.6273708396534903, 0.6078663429119409, 0.5961756398669341, 0.5956368198174175, 0.5918370317734009, 0.59106312602016, 0.5871743308479676, 0.585019146208237, 0.5831154735487126, 0.5822431816325069, 0.581070953840887, 0.579299623007452, 0.5780409170427356, 0.5763263786178466, 0.5750729527549812, 0.5742201148615189, 0.5735687883935365, 0.5729479165051755, 0.5723908794944397, 0.5719694615046749, 0.5716402458550667, 0.5710939043781511, 0.5713881694337227, 0.5708159536017218, 0.5707093441189396, 0.5704946884905316, 0.5702771927326176, 0.5707597528912419, 0.5702796686586536, 0.5702753343828209, 0.5704877303376317, 0.5709571507477675, 0.5705923075353547, 0.5709479456482409, 0.570426005061411, 0.5706506556039179, 0.5703678421702674, 0.5707527206037393, 0.5703847779497981, 0.5702925006265742, 0.5706746075501221, 0.572335532021268, 0.5707556051715837, 0.5701558936745247, 0.57086228316789, 0.570519487522675, 0.5705314615867316, 0.570165697153777, 0.5703689921581024, 0.5703592440411713, 0.5704723847930542, 0.5706205845303383, 0.5703622884385526, 0.570802880775886, 0.5707722401703804, 0.5703772706281248, 0.5704740847981273, 0.5704758522561436, 0.5704510831323807, 0.5707425207854165, 0.5702309281800565, 0.5705028946289389, 0.5705008909795632, 0.5704344539667788, 0.5704401468467034, 0.5705098465244117, 0.570425979501412, 0.5702690248811797, 0.5707399172715021, 0.5703951397188194, 0.5705763703987692, 0.5704330905900731, 0.5705777775774646, 0.5704896002477599, 0.5706522413844316, 0.570652262596049, 0.5707227961024356, 0.5707264449248535, 0.5705303333408044, 0.5705666637505501, 0.5708685469584958, 0.5703895116403858, 0.5703348236363978, 0.5707521524505683, 0.5702815782345062, 0.5707416763509295, 0.5704603596089998, 0.5701281228947894, 0.5708621515498042, 0.5703726811765352, 0.5704486645837695, 0.5701642648393149, 0.5705402486052802], "acc": [0.4124995921854447, 0.4396236127381647, 0.41929726838217085, 0.42037672981672863, 0.4368925826405291, 0.41068962630003797, 0.40451351052077217, 0.4157787043853162, 0.40012492319018816, 0.41159332222785816, 0.3802995893878869, 0.42953884219783905, 0.512808150456045, 0.4433716724351632, 0.43010247177924976, 0.4249649372389308, 0.39964720511351615, 0.38719649247003196, 0.39510694687052555, 0.46176217183523754, 0.42641880249213493, 0.428736699009281, 0.44383631164068854, 0.4565051323154219, 0.45461997888266403, 0.4644386182900425, 0.4632531190257904, 0.45955060533781494, 0.4632677194062501, 0.4642811474851018, 0.4648390985044296, 0.4627899805421931, 0.4635614438837533, 0.4633285409615133, 0.4634602608629817, 0.4635034012624802, 0.46376786070786336, 0.4641318461224702, 0.4634469902388142, 0.4642155516190037, 0.4638959163024332, 0.4629916031165479, 0.46424230010484036, 0.46376261995356277, 0.4639060253350336, 0.4637057407895017, 0.4635754736717061, 0.46437125401140533, 0.46316909471864803, 0.4635627503072664, 0.4643442161991079, 0.4642748283321747, 0.4626311676782221, 0.4636364905859652, 0.46343674354281716, 0.46464247275077575, 0.463534133714289, 0.46346245944712083, 0.4634590539219541, 0.46315658453096276, 0.4644445240285473, 0.4632171574860705, 0.4644686528796403, 0.4638464279022081, 0.4635801983473564, 0.46366789396123104, 0.4643442195929666, 0.4631748793388177, 0.4646746605316515, 0.46356810454371983, 0.4640911874822026, 0.46375218935284324, 0.46387665297212977, 0.46320106105023856, 0.46328619005841293, 0.46442508697509766, 0.4633972969343654, 0.4637110668145041, 0.46383866296544196, 0.464685161979173, 0.4646815277927711, 0.4641556160729975, 0.4633846043267708, 0.46402700727944696, 0.46486551672538406, 0.46454854389102435, 0.4659139613664023, 0.46391452886031614, 0.46278100824016694, 0.46388647522366344, 0.46393461520137314, 0.4652364355813566, 0.4635183176960385, 0.4633026053048538, 0.463688362747749, 0.46357329460225494, 0.4646749430703947, 0.4633930650045863, 0.4629395879884632, 0.4643801314975019], "iou": [0.3003863766524291, 0.3240602657039819, 0.3078305940823199, 0.30513961947261226, 0.31249394811345166, 0.3065447369292113, 0.3019619466359081, 0.30807899548489853, 0.2974019168322621, 0.30086790879001823, 0.2881130085084786, 0.30724929490547587, 0.3387047551917012, 0.30961023971067203, 0.30468624936304056, 0.3032737005223583, 0.29477305201236886, 0.2898048354425464, 0.29374758130290757, 0.31735125576474066, 0.3036601689786673, 0.30545112787616635, 0.31099996501016447, 0.31537114629966084, 0.31424809074910937, 0.31791492299677215, 0.3175492861516959, 0.31610837748466436, 0.31756934979632234, 0.3179625779178219, 0.3182439159243981, 0.31744182942388743, 0.31781978348396, 0.3176284223476763, 0.3177296933966599, 0.3176898194801765, 0.3177838818670592, 0.31800001880876533, 0.3175053684524794, 0.3180056132667854, 0.31792740147308945, 0.3174399547941744, 0.3179816351242337, 0.31777416514332185, 0.3179083098508285, 0.31781730723974966, 0.317700401531844, 0.3180978353337461, 0.31757187843322754, 0.3178141656931609, 0.31810800959206986, 0.31800611364883885, 0.3172905468431656, 0.3178403370108893, 0.31763392273217333, 0.31832089214138287, 0.3176728604739247, 0.3177321952008692, 0.317689216433895, 0.3175309954801064, 0.3181295594286664, 0.3176397839262816, 0.31815155810308626, 0.31783577969489996, 0.31772500806855986, 0.317768540352689, 0.318067973830946, 0.3175247787792912, 0.3181258416684921, 0.3177133834658993, 0.3179433441246956, 0.3177702728115367, 0.3178753482701515, 0.3174996895722223, 0.31755620824484637, 0.3181284789088782, 0.3176278763606455, 0.3177901548847185, 0.31786144225198604, 0.3182229024235464, 0.3181982234491572, 0.31786650291965524, 0.3176825382743442, 0.31796009896913036, 0.31844482027338916, 0.31816416692479227, 0.3187638530739686, 0.3177717594277392, 0.31739089550496846, 0.3178697192371952, 0.3178931918008472, 0.31835951107252536, 0.31770691625588304, 0.31768079457333925, 0.317848041494546, 0.31774301174696656, 0.3181844710031014, 0.31772084624317615, 0.317409335294228, 0.3180432509485089]}, "val": {"epoch": [0, 1, 2, 3, 4, 5, 6, 7, 8, 9, 10, 11, 12, 13, 14, 15, 16, 17, 18, 19, 20, 21, 22, 23, 24, 25, 26, 27, 28, 29, 30, 31, 32, 33, 34, 35, 36, 37, 38, 39, 40, 41, 42, 43, 44, 45, 46, 47, 48, 49, 50, 51, 52, 53, 54, 55, 56, 57, 58, 59, 60, 61, 62, 63, 64, 65, 66, 67, 68, 69, 70, 71, 72, 73, 74, 75, 76, 77, 78, 79, 80, 81, 82, 83, 84, 85, 86, 87, 88, 89, 90, 91, 92, 93, 94, 95, 96, 97, 98, 99],