{"train": {"epoch": [0, 1, 2, 3, 4, 5, 6, 7, 8, 9, 10, 11, 12, 13, 14, 15, 16, 17, 18, 19, 20, 21, 22, 23, 24, 25, 26, 27, 28, 29, 30, 31, 32, 33, 34, 35, 36, 37, 38, 39, 40, 41, 42, 43, 44, 45, 46, 47, 48, 49, 50, 51, 52, 53, 54, 55, 56, 57, 58, 59, 60, 61, 62, 63, 64, 65, 66, 67, 68, 69, 70, 71, 72, 73, 74, 75, 76, 77, 78, 79, 80, 81, 82, 83, 84, 85, 86, 87, 88, 89, 90, 91, 92, 93, 94, 95, 96, 97, 98, 99], "loss": [0.707060323173041, 0.6161791780877368, 0.6057280809005384, 0.6071729923058234, 0.608929653290752, 0.6100939931182251, 0.6170649130785593, 0.6100671200141363, 0.6019585914246977, 0.593355920815383, 0.5884365872131972, 0.5891485505893137, 0.5830444867500632, 0.5875669711425211, 0.5811187320544626, 0.5799206802853486, 0.5792735254000939, 0.5768620553177871, 0.5795611271442468, 0.5757840186675672, 0.5725345304003814, 0.5719045847124052, 0.5703609830756204, 0.5699326288869797, 0.5700304830625812, 0.5692789418841596, 0.5683153652423641, 0.5675216280056489, 0.5674417172674606, 0.5672948153629847, 0.5669927494169554, 0.5667251679396714, 0.5667380852843519, 0.5671676782314463, 0.5667443549081524, 0.5666978802545215, 0.5668481061254956, 0.5668794595474026, 0.5667073618474804, 0.5670884743704067, 0.5669563316153462, 0.5664167084939964, 0.5668154899760073, 0.5664682950413524, 0.5670161809361278, 0.5668033531127875, 0.5668291090009899, 0.5666700567639171, 0.5670891873989241, 0.5667046123976385, 0.5664702648581983, 0.5667241561455234, 0.5671672636503851, 0.566778936420047, 0.566814806431638, 0.5669094207448043, 0.5664257165375978, 0.5668358991578805, 0.566719417894438, 0.566492372136099, 0.5665274856353569, 0.5670068504759426, 0.5672699526959891, 0.5666326247288239, 0.5666131349645052, 0.5664869594616397, 0.5669291203980769, 0.5667816997634982, 0.5668491180257017, 0.5664910250923387, 0.5666174354078083, 0.566609947812939, 0.5667743065603263, 0.5672990292628889, 0.5664682103009411, 0.5669058534810552, 0.5667838443640713, 0.5668181769576361, 0.5666573399750787, 0.5666428223199267, 0.5667387064665662, 0.5666481137699928, 0.5666937054900513, 0.5671628744364633, 0.5667539715130558, 0.5664683990843355, 0.5665100240198319, 0.5666769459790606, 0.5669603026422317, 0.5672226498347585, 0.5667135091863069, 0.5668391554593192, 0.5673404131283539, 0.5668819931690379, 0.5666825704515193, 0.5667660016818403, 0.5666264177853526, 0.5665143701741704, 0.5666459718208721, 0.5667979517865436], "acc": [0.7865278771763594, 0.9204773266544546, 0.9319305335075405, 0.9304393347472059, 0.9289084991102117, 0.928905564270834, 0.9215448174188146, 0.929642087199934, 0.936158259144033, 0.9451078978297549, 0.9504592291400951, 0.9499918421816571, 0.9560403603251718, 0.9514478402629866, 0.9581102366125032, 0.9590869289276014, 0.9599567783260685, 0.962419083109954, 0.959850889507986, 0.9639807948014066, 0.9671373600637361, 0.9678354276032635, 0.9694242948314897, 0.9698251494309232, 0.969960186405114, 0.9704508857794928, 0.9714724410895351, 0.9723611628881977, 0.9724290218217517, 0.9725292076843913, 0.972955747007051, 0.9731672684068782, 0.9732701388118106, 0.9726496680351339, 0.9731789072213224, 0.9732398520160824, 0.9730761509348913, 0.9730271550684213, 0.9730846652780988, 0.9727608364247766, 0.9731930396735032, 0.9734639421476589, 0.9730374740960335, 0.973445421436079, 0.9729518644326098, 0.9731226200735017, 0.973103732825174, 0.9733007017827967, 0.9728452336321521, 0.9732355558151028, 0.9734170033838401, 0.9731786463184289, 0.9727862301246127, 0.9731777096134063, 0.9731962612939475, 0.9730275682707274, 0.9735120891252023, 0.973085839977468, 0.9732022056375959, 0.9734221612007168, 0.9734479125284216, 0.9728634527145331, 0.9728011503762621, 0.9733687876806565, 0.9732734588541594, 0.9734273215629876, 0.9730434315908846, 0.9731387052671765, 0.9730617830337579, 0.9734430041601649, 0.9733062897712734, 0.9733405656237619, 0.9731434791537791, 0.9728062386190339, 0.9734147320438534, 0.9730934171914206, 0.9731489555691485, 0.9731375530521217, 0.9733118467907889, 0.9733115264953668, 0.9732296314103748, 0.9731846258733621, 0.9732566957371939, 0.9728355492561314, 0.9731784214752849, 0.9733801528652367, 0.973469800796373, 0.9732252376359553, 0.972957702293939, 0.972910388084493, 0.9731504934114069, 0.9730324074891115, 0.9728033814141759, 0.9730427596068467, 0.9732105121069532, 0.973188246696445, 0.9732219808042262, 0.973382400448212, 0.9732576604415514, 0.9731333013955384], "iou": [0.5099130249532516, 0.7288177272178948, 0.7584509932273648, 0.7533038555515195, 0.7517927836268822, 0.7490586065736954, 0.7293760753186996, 0.7489925200828879, 0.7696588675746714, 0.798817545917959, 0.8175667019501276, 0.8157624441109518, 0.837092238388876, 0.8207200608643773, 0.8438953089120125, 0.8470471881038354, 0.8501511540701381, 0.8590878328818867, 0.8500026481431574, 0.8640383244409255, 0.8754937292418021, 0.8778664143060025, 0.8833659804588535, 0.8848821639590416, 0.8849348748281757, 0.8869183430468061, 0.8903692294694351, 0.8937539555848281, 0.8941352539215224, 0.8945206535244328, 0.8960955242669455, 0.8967889613104036, 0.8972054244784698, 0.8948988570861545, 0.896820150236218, 0.897283218721478, 0.8966147095707387, 0.8960914287278661, 0.8966403724459991, 0.8954643776832526, 0.8968978865715108, 0.8979775050780952, 0.8965123333964908, 0.8978480883340394, 0.8963499610110109, 0.8970987652544449, 0.896566669711863, 0.8973447385631846, 0.8957328134584257, 0.8971788251103031, 0.8976875301781923, 0.8967801116115258, 0.8956159995968231, 0.8969914720151773, 0.8970031636465486, 0.8965022065461318, 0.8981355596267456, 0.8966083880845338, 0.8966622259268981, 0.897708621949912, 0.8979350485411403, 0.8958614237367895, 0.8956469814972521, 0.8974463543009503, 0.8973977550917249, 0.897843072634999, 0.8962589266885642, 0.8966796788456601, 0.8966845299425499, 0.8978066187736402, 0.8973040069549534, 0.8973462339822084, 0.8968737621748575, 0.8958335198541553, 0.8975562811746292, 0.8967646803720142, 0.8966991767764516, 0.8969146238103032, 0.8973228326895907, 0.8972003086605954, 0.8974265504986366, 0.8972582218910027, 0.897161342707393, 0.8958365893873032, 0.8968299328220273, 0.8977248106562794, 0.8979189832863859, 0.8970402275540227, 0.8959991181024028, 0.8957534413320738, 0.896886728412316, 0.8964324379306671, 0.8958090407992597, 0.8964963642303629, 0.8971662945594652, 0.896816322811982, 0.8971993999549078, 0.8976240111415497, 0.8969984936968711, 0.8969238355914894]}, "val": {"epoch": [0, 1, 2, 3, 4, 5, 6, 7, 8, 9, 10, 11, 12, 13, 14, 15, 16, 17, 18, 19, 20, 21, 22, 23, 24, 25, 26, 27, 28, 29, 30, 31, 32, 33, 34, 35, 36, 37, 38, 39, 40, 41, 42, 43, 44, 45, 46, 47, 48, 49, 50, 51, 52, 53, 54, 55, 56, 57, 58, 59, 60, 61, 62, 63, 64, 65, 66, 67, 68, 69, 70, 71, 72, 73, 74, 75, 76, 77, 78, 79, 80, 81, 82, 83, 84, 85, 86, 87, 88, 89, 90, 91, 92, 93, 94, 95, 96, 97, 98, 99],