{"train": {"epoch": [0, 1, 2, 3, 4, 5, 6, 7, 8, 9, 10, 11, 12, 13, 14, 15, 16, 17, 18, 19, 20, 21, 22, 23, 24, 25, 26, 27, 28, 29, 30, 31, 32, 33, 34, 35, 36, 37, 38, 39, 40, 41, 42, 43, 44, 45, 46, 47, 48, 49, 50, 51, 52, 53, 54, 55, 56, 57, 58, 59, 60, 61, 62, 63, 64, 65, 66, 67, 68, 69, 70, 71, 72, 73, 74, 75, 76, 77, 78, 79, 80, 81, 82, 83, 84, 85, 86, 87, 88, 89, 90, 91, 92, 93, 94, 95, 96, 97, 98, 99], "loss": [0.8892090864665143, 0.6589007684132383, 0.6476929451859295, 0.6576610587245629, 0.6589838016075595, 0.638399283232638, 0.6523927205185873, 0.6388505079992302, 0.6396701739988293, 0.6284445437248067, 0.6136709406070437, 0.6147553638631339, 0.6055228090795334, 0.5952308379458363, 0.5935031871354453, 0.5930058414189416, 0.5913326686175269, 0.5905715708630789, 0.5912318106647912, 0.5872734079793679, 0.5868588424025906, 0.5868769418514496, 0.5860523182726416, 0.5862219827879366, 0.585520148701515, 0.5854515664518092, 0.5846325153769971, 0.5844943538255114, 0.5845722204001349, 0.5848670466090437, 0.5845436892899755, 0.5846167431607365, 0.5846634814747712, 0.5848419612200659, 0.5847137569320584, 0.5845667254246002, 0.5845429393532438, 0.584247626761949, 0.5844132360402375, 0.5843128699849085, 0.584412777126896, 0.5849047479256192, 0.5842959606138413, 0.58437265333756, 0.5843415041835283, 0.584314786878769, 0.5842557610990314, 0.5842295548881924, 0.5842126527290752, 0.5843975667003211, 0.584336487529965, 0.5851020028158439, 0.5843442959505468, 0.5842106975482452, 0.5844463608443101, 0.5846783513488294, 0.5843841965936681, 0.5845513077605238, 0.5843624922304391, 0.5844569702589639, 0.5842862899193136, 0.5843352932098498, 0.5840890086206253, 0.5846634961107872, 0.5847104697677165, 0.5841639075839222, 0.5839593304433857, 0.5840859236029968, 0.5842294760870339, 0.5841354517750045, 0.5843605259135101, 0.584335209105787, 0.5844090270190052, 0.584549474970726, 0.5842362511836762, 0.5841561221779453, 0.58420549752025, 0.5842868001647691, 0.5843588576198049, 0.5847845379780195, 0.5842575659955523, 0.5841416812027901, 0.5839493343626477, 0.5842915247343613, 0.5848648606458169, 0.5843177821712562, 0.5845972484116877, 0.5843559582038282, 0.5845398132911356, 0.5844767458498266, 0.5844825425606182, 0.5842806082815463, 0.5844673149526332, 0.5842441382993583, 0.5843036035838076, 0.5843735108171918, 0.5845465493584019, 0.584323486399396, 0.5841328521852391, 0.5844265388000054], "acc": [0.2951840853775948, 0.24960201618085975, 0.3667315521486289, 0.27025347089003837, 0.4069843806618049, 0.31992355264802846, 0.3530275146095778, 0.28191221990619264, 0.34359691968167805, 0.34581328477723744, 0.24960201458998846, 0.24960201554451125, 0.3012384612153009, 0.24960201586268552, 0.24960201565056933, 0.24960201660509213, 0.24960201649903402, 0.24960201724144063, 0.24960201416575611, 0.24960201554451125, 0.249602015226337, 0.24960201554451125, 0.2496020159687436, 0.2496020159687436, 0.24960201543845315, 0.24960201713538255, 0.24960201734749873, 0.24960201618085975, 0.2496020157566274, 0.2496020167111502, 0.24960201692326636, 0.24960201639297594, 0.24960201766567297, 0.24960201543845315, 0.24960201586268552, 0.249602015226337, 0.2496020175596149, 0.24960201533239507, 0.24960201628691786, 0.24960201607480167, 0.24960201702932447, 0.24960201713538255, 0.24960201618085975, 0.24960201586268552, 0.24960201639297594, 0.24960201734749873, 0.24960201586268552, 0.24960201607480167, 0.24960201724144063, 0.24960201702932447, 0.24960201681720828, 0.24960201702932447, 0.24960201480210464, 0.24960201543845315, 0.24960201458998846, 0.24960201543845315, 0.24960201533239507, 0.24960201649903402, 0.24960201586268552, 0.24960201702932447, 0.24960201554451125, 0.24960201702932447, 0.24960201639297594, 0.249602015226337, 0.24960201660509213, 0.24960201628691786, 0.2496020150142208, 0.2496020151202789, 0.24960201628691786, 0.24960201660509213, 0.24960201554451125, 0.249602015226337, 0.24960201724144063, 0.24960201533239507, 0.24960201660509213, 0.24960201734749873, 0.24960201808990534, 0.24960201618085975, 0.2496020174535568, 0.24960201554451125, 0.2496020175596149, 0.2496020167111502, 0.24960201586268552, 0.24960201649903402, 0.24960201649903402, 0.24960201628691786, 0.24960201543845315, 0.24960201660509213, 0.24960201660509213, 0.24960201862019576, 0.24960201639297594, 0.24960201586268552, 0.2496020174535568, 0.249602015226337, 0.24960201702932447, 0.24960201618085975, 0.24960201649903402, 0.24960201692326636, 0.2496020157566274, 0.2496020151202789], "iou": [0.262906761568212, 0.24960200896890986, 0.31253065608998637, 0.2592584620166928, 0.32057587277422595, 0.2880471702996522, 0.3048929026966842, 0.26529398083262595, 0.29955002336739645, 0.30256335675928514, 0.24960200896890986, 0.24960200896890986, 0.28229943543566505, 0.24960200896890986, 0.24960200896890986, 0.24960200896890986, 0.24960200896890986, 0.24960200896890986, 0.24960200896890986, 0.24960200896890986, 0.24960200896890986, 0.24960200896890986, 0.24960200896890986, 0.24960200896890986, 0.24960200896890986, 0.24960200896890986, 0.24960200896890986, 0.24960200896890986, 0.24960200896890986, 0.24960200896890986, 0.24960200896890986, 0.24960200896890986, 0.24960200896890986, 0.24960200896890986, 0.24960200896890986, 0.24960200896890986, 0.24960200896890986, 0.24960200896890986, 0.24960200896890986, 0.24960200896890986, 0.24960200896890986, 0.24960200896890986, 0.24960200896890986, 0.24960200896890986, 0.24960200896890986, 0.24960200896890986, 0.24960200896890986, 0.24960200896890986, 0.24960200896890986, 0.24960200896890986, 0.24960200896890986, 0.24960200896890986, 0.24960200896890986, 0.24960200896890986, 0.24960200896890986, 0.24960200896890986, 0.24960200896890986, 0.24960200896890986, 0.24960200896890986, 0.24960200896890986, 0.24960200896890986, 0.24960200896890986, 0.24960200896890986, 0.24960200896890986, 0.24960200896890986, 0.24960200896890986, 0.24960200896890986, 0.24960200896890986, 0.24960200896890986, 0.24960200896890986, 0.24960200896890986, 0.24960200896890986, 0.24960200896890986, 0.24960200896890986, 0.24960200896890986, 0.24960200896890986, 0.24960200896890986, 0.24960200896890986, 0.24960200896890986, 0.24960200896890986, 0.24960200896890986, 0.24960200896890986, 0.24960200896890986, 0.24960200896890986, 0.24960200896890986, 0.24960200896890986, 0.24960200896890986, 0.24960200896890986, 0.24960200896890986, 0.24960200896890986, 0.24960200896890986, 0.24960200896890986, 0.24960200896890986, 0.24960200896890986, 0.24960200896890986, 0.24960200896890986, 0.24960200896890986, 0.24960200896890986, 0.24960200896890986, 0.24960200896890986]}, "val": {"epoch": [0, 1, 2, 3, 4, 5, 6, 7, 8, 9, 10, 11, 12, 13, 14, 15, 16, 17, 18, 19, 20, 21, 22, 23, 24, 25, 26, 27, 28, 29, 30, 31, 32, 33, 34, 35, 36, 37, 38, 39, 40, 41, 42, 43, 44, 45, 46, 47, 48, 49, 50, 51, 52, 53, 54, 55, 56, 57, 58, 59, 60, 61, 62, 63, 64, 65, 66, 67, 68, 69, 70, 71, 72, 73, 74, 75, 76, 77, 78, 79, 80, 81, 82, 83, 84, 85, 86, 87, 88, 89, 90, 91, 92, 93, 94, 95, 96, 97, 98, 99],